{
    "round": 82,
    "train_time_sec": 31.721015214920044,
    "memory_MB": 1413.984375,
    "comm_KB": 43756.0478515625,
    "accuracy_mean": 0.7984,
    "accuracy_std": 0.014277254638059782
}