{
    "round": 80,
    "train_time_sec": 31.708525896072388,
    "memory_MB": 1414.3828125,
    "comm_KB": 43756.0478515625,
    "accuracy_mean": 0.8193999999999999,
    "accuracy_std": 0.010160708636704407
}