{
    "round": 11,
    "train_time_sec": 822.9003403186798,
    "memory_MB": 1410.453125,
    "comm_KB": 43756.0478515625,
    "accuracy_mean": 0.9244000000000001,
    "accuracy_std": 0.005642694391866359
}