{
    "round": 49,
    "train_time_sec": 1890.062328338623,
    "memory_MB": 1393.109375,
    "comm_KB": 43756.0478515625,
    "accuracy_mean": 0.9003,
    "accuracy_std": 0.008087644898238306
}