{
    "round": 58,
    "train_time_sec": 31.816948175430298,
    "memory_MB": 1413.74609375,
    "comm_KB": 43756.0478515625,
    "accuracy_mean": 0.8218,
    "accuracy_std": 0.009977975746613115
}