{
    "round": 18,
    "train_time_sec": 694.6233561038971,
    "memory_MB": 1393.19140625,
    "comm_KB": 43756.0478515625,
    "accuracy_mean": 0.8131999999999999,
    "accuracy_std": 0.007096477999684029
}