{
    "round": 72,
    "train_time_sec": 31.642707347869873,
    "memory_MB": 1414.4140625,
    "comm_KB": 43756.0478515625,
    "accuracy_mean": 0.8253999999999999,
    "accuracy_std": 0.010584894897919384
}