{
    "round": 25,
    "train_time_sec": 838.3574242591858,
    "memory_MB": 1413.52734375,
    "comm_KB": 43756.0478515625,
    "accuracy_mean": 0.9844000000000002,
    "accuracy_std": 0.004454211490264022
}