{
    "round": 23,
    "train_time_sec": 839.1152176856995,
    "memory_MB": 1412.62109375,
    "comm_KB": 43756.0478515625,
    "accuracy_mean": 0.9743999999999999,
    "accuracy_std": 0.004363484845854289
}