{
    "round": 85,
    "train_time_sec": 31.685790061950684,
    "memory_MB": 1414.4296875,
    "comm_KB": 43756.0478515625,
    "accuracy_mean": 0.8142000000000001,
    "accuracy_std": 0.007717512552629864
}