{
    "round": 70,
    "train_time_sec": 31.626325368881226,
    "memory_MB": 1413.81640625,
    "comm_KB": 43756.0478515625,
    "accuracy_mean": 0.8226000000000001,
    "accuracy_std": 0.011663618649458637
}