{
    "round": 46,
    "train_time_sec": 851.2547752857208,
    "memory_MB": 1412.79296875,
    "comm_KB": 43756.0478515625,
    "accuracy_mean": 0.9991999999999999,
    "accuracy_std": 0.000979795897113272
}