{
    "round": 42,
    "train_time_sec": 842.5260291099548,
    "memory_MB": 1412.97265625,
    "comm_KB": 43756.0478515625,
    "accuracy_mean": 0.9984,
    "accuracy_std": 0.001959591794226544
}