{
    "round": 93,
    "train_time_sec": 31.63737678527832,
    "memory_MB": 1414.39453125,
    "comm_KB": 43756.0478515625,
    "accuracy_mean": 0.7948000000000002,
    "accuracy_std": 0.011178550889985706
}