{
    "round": 47,
    "train_time_sec": 833.5277254581451,
    "memory_MB": 1412.64453125,
    "comm_KB": 43756.0478515625,
    "accuracy_mean": 0.9998000000000001,
    "accuracy_std": 0.0006000000000000005
}