{
    "round": 91,
    "train_time_sec": 31.559725046157837,
    "memory_MB": 1414.33984375,
    "comm_KB": 43756.0478515625,
    "accuracy_mean": 0.8196,
    "accuracy_std": 0.009414881836751826
}