{
    "round": 61,
    "train_time_sec": 31.771352767944336,
    "memory_MB": 1414.44140625,
    "comm_KB": 43756.0478515625,
    "accuracy_mean": 0.8238,
    "accuracy_std": 0.014126570709128225
}