{
    "round": 96,
    "train_time_sec": 31.666759490966797,
    "memory_MB": 1413.87109375,
    "comm_KB": 43756.0478515625,
    "accuracy_mean": 0.8286,
    "accuracy_std": 0.0061351446600711925
}