{
    "round": 24,
    "train_time_sec": 836.2533755302429,
    "memory_MB": 1412.06640625,
    "comm_KB": 43756.0478515625,
    "accuracy_mean": 0.9798,
    "accuracy_std": 0.005688585061331162
}