{
    "round": 84,
    "train_time_sec": 31.71764373779297,
    "memory_MB": 1414.4609375,
    "comm_KB": 43756.0478515625,
    "accuracy_mean": 0.8148,
    "accuracy_std": 0.008447484832777115
}