{
    "round": 17,
    "train_time_sec": 656.138453245163,
    "memory_MB": 1393.1953125,
    "comm_KB": 43756.0478515625,
    "accuracy_mean": 0.8047000000000001,
    "accuracy_std": 0.010050373127401766
}