{
    "round": 48,
    "train_time_sec": 837.2022175788879,
    "memory_MB": 1412.3984375,
    "comm_KB": 43756.0478515625,
    "accuracy_mean": 0.9994,
    "accuracy_std": 0.0009165151389911689
}