{
    "round": 38,
    "train_time_sec": 832.375617980957,
    "memory_MB": 1413.91015625,
    "comm_KB": 43756.0478515625,
    "accuracy_mean": 0.9968,
    "accuracy_std": 0.0020396078054371156
}