{
    "round": 45,
    "train_time_sec": 837.472797870636,
    "memory_MB": 1412.65234375,
    "comm_KB": 43756.0478515625,
    "accuracy_mean": 0.9987999999999999,
    "accuracy_std": 0.0016000000000000014
}