{
    "round": 92,
    "train_time_sec": 31.633391857147217,
    "memory_MB": 1413.75390625,
    "comm_KB": 43756.0478515625,
    "accuracy_mean": 0.8192,
    "accuracy_std": 0.013599999999999975
}