{
    "round": 30,
    "train_time_sec": 828.9448125362396,
    "memory_MB": 1412.9765625,
    "comm_KB": 43756.0478515625,
    "accuracy_mean": 0.9879999999999999,
    "accuracy_std": 0.004732863826479697
}