{
    "round": 34,
    "train_time_sec": 1310.8793015480042,
    "memory_MB": 1393.109375,
    "comm_KB": 43756.0478515625,
    "accuracy_mean": 0.8924,
    "accuracy_std": 0.006406246951218792
}