{
    "round": 26,
    "train_time_sec": 1002.8231313228607,
    "memory_MB": 1393.12109375,
    "comm_KB": 43756.0478515625,
    "accuracy_mean": 0.8583000000000001,
    "accuracy_std": 0.006481512169239526
}