{
    "round": 100,
    "train_time_sec": 31.63167381286621,
    "memory_MB": 1414.55078125,
    "comm_KB": 43756.0478515625,
    "accuracy_mean": 0.829,
    "accuracy_std": 0.008111719916269305
}