{
    "round": 14,
    "train_time_sec": 823.7619967460632,
    "memory_MB": 1411.703125,
    "comm_KB": 43756.0478515625,
    "accuracy_mean": 0.9347999999999999,
    "accuracy_std": 0.006645299090334419
}