{
    "round": 13,
    "train_time_sec": 827.8823492527008,
    "memory_MB": 1409.83984375,
    "comm_KB": 43756.0478515625,
    "accuracy_mean": 0.9312000000000001,
    "accuracy_std": 0.00815843122174843
}