{
    "round": 87,
    "train_time_sec": 31.639824867248535,
    "memory_MB": 1413.92578125,
    "comm_KB": 43756.0478515625,
    "accuracy_mean": 0.8160000000000001,
    "accuracy_std": 0.011933147112141003
}