{
    "round": 36,
    "train_time_sec": 1387.8977856636047,
    "memory_MB": 1393.05859375,
    "comm_KB": 43756.0478515625,
    "accuracy_mean": 0.8862,
    "accuracy_std": 0.007110555533852477
}