{
    "round": 23,
    "train_time_sec": 887.3772518634796,
    "memory_MB": 1393.140625,
    "comm_KB": 43756.0478515625,
    "accuracy_mean": 0.8426,
    "accuracy_std": 0.006621178142898746
}