{
    "round": 5,
    "train_time_sec": 806.8577828407288,
    "memory_MB": 1410.15234375,
    "comm_KB": 43756.0478515625,
    "accuracy_mean": 0.8370000000000001,
    "accuracy_std": 0.006826419266350411
}