{
    "round": 12,
    "train_time_sec": 463.08134865760803,
    "memory_MB": 1393.11328125,
    "comm_KB": 43756.0478515625,
    "accuracy_mean": 0.7723,
    "accuracy_std": 0.005404627646748669
}