{
    "round": 5,
    "train_time_sec": 192.6048355102539,
    "memory_MB": 1393.00390625,
    "comm_KB": 43756.0478515625,
    "accuracy_mean": 0.628,
    "accuracy_std": 0.005916079783099621
}