{
    "round": 16,
    "train_time_sec": 833.8885340690613,
    "memory_MB": 1410.37890625,
    "comm_KB": 43756.0478515625,
    "accuracy_mean": 0.9475999999999999,
    "accuracy_std": 0.007200000000000006
}