{
    "round": 7,
    "train_time_sec": 269.82141852378845,
    "memory_MB": 1393.1640625,
    "comm_KB": 43756.0478515625,
    "accuracy_mean": 0.6875000000000001,
    "accuracy_std": 0.009102197536858848
}