{
    "round": 88,
    "train_time_sec": 31.55887794494629,
    "memory_MB": 1414.5078125,
    "comm_KB": 43756.0478515625,
    "accuracy_mean": 0.8141999999999999,
    "accuracy_std": 0.01324990566004147
}