{
    "round": 31,
    "train_time_sec": 835.2662076950073,
    "memory_MB": 1412.4296875,
    "comm_KB": 43756.0478515625,
    "accuracy_mean": 0.9926,
    "accuracy_std": 0.0036932370625238804
}