{
    "round": 41,
    "train_time_sec": 833.2072322368622,
    "memory_MB": 1414.10546875,
    "comm_KB": 43756.0478515625,
    "accuracy_mean": 0.998,
    "accuracy_std": 0.0020000000000000018
}