{
    "round": 79,
    "train_time_sec": 31.651326656341553,
    "memory_MB": 1414.47265625,
    "comm_KB": 43756.0478515625,
    "accuracy_mean": 0.8164,
    "accuracy_std": 0.012547509713086463
}