{
    "round": 19,
    "train_time_sec": 833.0103316307068,
    "memory_MB": 1411.87890625,
    "comm_KB": 43756.0478515625,
    "accuracy_mean": 0.9574,
    "accuracy_std": 0.007592101158440929
}