{
    "round": 24,
    "train_time_sec": 925.8837466239929,
    "memory_MB": 1393.14453125,
    "comm_KB": 43756.0478515625,
    "accuracy_mean": 0.8472,
    "accuracy_std": 0.007947326594522217
}