{
    "round": 99,
    "train_time_sec": 31.6181743144989,
    "memory_MB": 1413.87890625,
    "comm_KB": 43756.0478515625,
    "accuracy_mean": 0.8150000000000001,
    "accuracy_std": 0.009433981132056568
}