{
    "round": 68,
    "train_time_sec": 31.698260068893433,
    "memory_MB": 1414.48046875,
    "comm_KB": 43756.0478515625,
    "accuracy_mean": 0.8248,
    "accuracy_std": 0.00614491659829487
}