{
    "round": 29,
    "train_time_sec": 836.2061035633087,
    "memory_MB": 1412.5390625,
    "comm_KB": 43756.0478515625,
    "accuracy_mean": 0.9890000000000001,
    "accuracy_std": 0.0030000000000000027
}