{
    "round": 16,
    "train_time_sec": 617.6758239269257,
    "memory_MB": 1393.15234375,
    "comm_KB": 43756.0478515625,
    "accuracy_mean": 0.798,
    "accuracy_std": 0.006603029607687676
}