{
    "round": 21,
    "train_time_sec": 830.6710748672485,
    "memory_MB": 1413.6171875,
    "comm_KB": 43756.0478515625,
    "accuracy_mean": 0.9742000000000001,
    "accuracy_std": 0.004142463035441599
}