{
    "round": 26,
    "train_time_sec": 831.5343289375305,
    "memory_MB": 1414.734375,
    "comm_KB": 43756.0478515625,
    "accuracy_mean": 0.9828000000000001,
    "accuracy_std": 0.004489988864128734
}