{
    "round": 1,
    "train_time_sec": 769.8811082839966,
    "memory_MB": 1404.0234375,
    "comm_KB": 43756.0478515625,
    "accuracy_mean": 0.10600000000000001,
    "accuracy_std": 1.3877787807814457e-17
}