{
    "round": 39,
    "train_time_sec": 843.8670401573181,
    "memory_MB": 1414.08984375,
    "comm_KB": 43756.0478515625,
    "accuracy_mean": 0.9972,
    "accuracy_std": 0.0018330302779823377
}