{
    "round": 3,
    "train_time_sec": 797.3838758468628,
    "memory_MB": 1408.41015625,
    "comm_KB": 43756.0478515625,
    "accuracy_mean": 0.7502000000000001,
    "accuracy_std": 0.007068238818828922
}