{
    "round": 7,
    "train_time_sec": 825.7144498825073,
    "memory_MB": 1412.76953125,
    "comm_KB": 43756.0478515625,
    "accuracy_mean": 0.8648,
    "accuracy_std": 0.01074057726567805
}