{
    "round": 98,
    "train_time_sec": 31.589543104171753,
    "memory_MB": 1413.96484375,
    "comm_KB": 43756.0478515625,
    "accuracy_mean": 0.8206,
    "accuracy_std": 0.012427389106324764
}