{
    "round": 42,
    "train_time_sec": 1619.7652733325958,
    "memory_MB": 1393.32421875,
    "comm_KB": 43756.0478515625,
    "accuracy_mean": 0.899,
    "accuracy_std": 0.005019960159204458
}