{
    "round": 48,
    "train_time_sec": 1851.5615165233612,
    "memory_MB": 1393.14453125,
    "comm_KB": 43756.0478515625,
    "accuracy_mean": 0.9053000000000001,
    "accuracy_std": 0.007430343195303977
}