{
    "round": 45,
    "train_time_sec": 1735.8372237682343,
    "memory_MB": 1393.234375,
    "comm_KB": 43756.0478515625,
    "accuracy_mean": 0.9001000000000001,
    "accuracy_std": 0.005412023651093929
}