{
    "round": 13,
    "train_time_sec": 501.90910291671753,
    "memory_MB": 1393.1953125,
    "comm_KB": 43756.0478515625,
    "accuracy_mean": 0.7748000000000002,
    "accuracy_std": 0.007678541528180993
}