{
    "round": 18,
    "train_time_sec": 831.6677572727203,
    "memory_MB": 1412.94921875,
    "comm_KB": 43756.0478515625,
    "accuracy_mean": 0.9533999999999999,
    "accuracy_std": 0.004820788317277584
}