{
    "round": 37,
    "train_time_sec": 834.9666397571564,
    "memory_MB": 1414.04296875,
    "comm_KB": 43756.0478515625,
    "accuracy_mean": 0.9958,
    "accuracy_std": 0.002271563338320112
}