{
    "round": 53,
    "train_time_sec": 31.66959023475647,
    "memory_MB": 1414.41796875,
    "comm_KB": 43756.0478515625,
    "accuracy_mean": 0.8088000000000001,
    "accuracy_std": 0.008588364221433515
}