{
    "round": 34,
    "train_time_sec": 842.5244827270508,
    "memory_MB": 1412.0,
    "comm_KB": 43756.0478515625,
    "accuracy_mean": 0.9936000000000001,
    "accuracy_std": 0.0035552777669262386
}