{
    "round": 9,
    "train_time_sec": 347.25474071502686,
    "memory_MB": 1393.2421875,
    "comm_KB": 43756.0478515625,
    "accuracy_mean": 0.7513000000000001,
    "accuracy_std": 0.006034069936618242
}