{
    "round": 74,
    "train_time_sec": 31.69999861717224,
    "memory_MB": 1414.4375,
    "comm_KB": 43756.0478515625,
    "accuracy_mean": 0.8263999999999999,
    "accuracy_std": 0.013169662106523431
}