{
    "round": 32,
    "train_time_sec": 852.1506600379944,
    "memory_MB": 1412.8046875,
    "comm_KB": 43756.0478515625,
    "accuracy_mean": 0.9958,
    "accuracy_std": 0.0016613247725836165
}