{
    "round": 66,
    "train_time_sec": 31.771899700164795,
    "memory_MB": 1414.05078125,
    "comm_KB": 43756.0478515625,
    "accuracy_mean": 0.8074,
    "accuracy_std": 0.00890168523370713
}