{
    "round": 47,
    "train_time_sec": 1812.9828026294708,
    "memory_MB": 1393.0625,
    "comm_KB": 43756.0478515625,
    "accuracy_mean": 0.9087999999999999,
    "accuracy_std": 0.005114684741017774
}