{
    "round": 51,
    "train_time_sec": 31.684876203536987,
    "memory_MB": 1414.3359375,
    "comm_KB": 43756.0478515625,
    "accuracy_mean": 0.8148,
    "accuracy_std": 0.010087616170334763
}