{
    "round": 3,
    "train_time_sec": 115.66090989112854,
    "memory_MB": 1392.85546875,
    "comm_KB": 43756.0478515625,
    "accuracy_mean": 0.526,
    "accuracy_std": 0.008024961059095559
}