{
    "round": 9,
    "train_time_sec": 831.5798451900482,
    "memory_MB": 1410.73828125,
    "comm_KB": 43756.0478515625,
    "accuracy_mean": 0.8874000000000001,
    "accuracy_std": 0.008002499609497029
}