{
    "round": 50,
    "train_time_sec": 1928.5937671661377,
    "memory_MB": 1393.25,
    "comm_KB": 43756.0478515625,
    "accuracy_mean": 0.9133000000000001,
    "accuracy_std": 0.008319254774317235
}