{
    "round": 50,
    "train_time_sec": 824.9238376617432,
    "memory_MB": 1411.73046875,
    "comm_KB": 43756.0478515625,
    "accuracy_mean": 0.9985999999999999,
    "accuracy_std": 0.0015620499351813324
}