{
    "round": 20,
    "train_time_sec": 834.7942974567413,
    "memory_MB": 1412.31640625,
    "comm_KB": 43756.0478515625,
    "accuracy_mean": 0.9523999999999999,
    "accuracy_std": 0.005122499389946284
}