{
    "round": 43,
    "train_time_sec": 836.4454424381256,
    "memory_MB": 1412.84375,
    "comm_KB": 43756.0478515625,
    "accuracy_mean": 0.9992000000000001,
    "accuracy_std": 0.001326649916142161
}