{
    "round": 44,
    "train_time_sec": 1697.154693365097,
    "memory_MB": 1393.08203125,
    "comm_KB": 43756.0478515625,
    "accuracy_mean": 0.9088,
    "accuracy_std": 0.008195120499419157
}