{
    "round": 44,
    "train_time_sec": 845.9574189186096,
    "memory_MB": 1411.44140625,
    "comm_KB": 43756.0478515625,
    "accuracy_mean": 0.9987999999999999,
    "accuracy_std": 0.0024000000000000024
}