{
    "round": 11,
    "train_time_sec": 424.41817831993103,
    "memory_MB": 1393.20703125,
    "comm_KB": 43756.0478515625,
    "accuracy_mean": 0.7766,
    "accuracy_std": 0.0048414873747640854
}