{
    "round": 14,
    "train_time_sec": 540.5866315364838,
    "memory_MB": 1393.1953125,
    "comm_KB": 43756.0478515625,
    "accuracy_mean": 0.7911,
    "accuracy_std": 0.005717516943569127
}