{
    "round": 86,
    "train_time_sec": 31.695564031600952,
    "memory_MB": 1413.8828125,
    "comm_KB": 43756.0478515625,
    "accuracy_mean": 0.8238,
    "accuracy_std": 0.0063529520697074215
}