{
    "round": 62,
    "train_time_sec": 31.824091911315918,
    "memory_MB": 1414.515625,
    "comm_KB": 43756.0478515625,
    "accuracy_mean": 0.8171999999999999,
    "accuracy_std": 0.006209669878503973
}