{
    "round": 81,
    "train_time_sec": 31.788621425628662,
    "memory_MB": 1414.40234375,
    "comm_KB": 43756.0478515625,
    "accuracy_mean": 0.8283999999999999,
    "accuracy_std": 0.007838367176906176
}