{
    "round": 73,
    "train_time_sec": 31.71081852912903,
    "memory_MB": 1414.36328125,
    "comm_KB": 43756.0478515625,
    "accuracy_mean": 0.8220000000000001,
    "accuracy_std": 0.005366563145999479
}