{
    "round": 71,
    "train_time_sec": 31.620118379592896,
    "memory_MB": 1414.453125,
    "comm_KB": 43756.0478515625,
    "accuracy_mean": 0.8130000000000001,
    "accuracy_std": 0.01096357605893256
}