{
    "round": 15,
    "train_time_sec": 824.7246024608612,
    "memory_MB": 1410.453125,
    "comm_KB": 43756.0478515625,
    "accuracy_mean": 0.9501999999999999,
    "accuracy_std": 0.005400000000000005
}