{
    "round": 57,
    "train_time_sec": 31.81598138809204,
    "memory_MB": 1414.41015625,
    "comm_KB": 43756.0478515625,
    "accuracy_mean": 0.8268000000000001,
    "accuracy_std": 0.007600000000000007
}