{
    "round": 67,
    "train_time_sec": 31.68017816543579,
    "memory_MB": 1414.40625,
    "comm_KB": 43756.0478515625,
    "accuracy_mean": 0.8241999999999999,
    "accuracy_std": 0.013926952286842912
}