{
    "round": 15,
    "train_time_sec": 579.1330296993256,
    "memory_MB": 1393.171875,
    "comm_KB": 43756.0478515625,
    "accuracy_mean": 0.8116,
    "accuracy_std": 0.0057654141221597874
}