{
    "round": 89,
    "train_time_sec": 31.549399852752686,
    "memory_MB": 1414.4296875,
    "comm_KB": 43756.0478515625,
    "accuracy_mean": 0.8253999999999999,
    "accuracy_std": 0.010355674772799677
}