{
    "round": 36,
    "train_time_sec": 853.4225599765778,
    "memory_MB": 1412.57421875,
    "comm_KB": 43756.0478515625,
    "accuracy_mean": 0.9937999999999999,
    "accuracy_std": 0.0031559467676119026
}