{
    "round": 65,
    "train_time_sec": 31.681162357330322,
    "memory_MB": 1414.02734375,
    "comm_KB": 43756.0478515625,
    "accuracy_mean": 0.8187999999999999,
    "accuracy_std": 0.013212115651930962
}