{
    "round": 25,
    "train_time_sec": 964.359771490097,
    "memory_MB": 1393.19921875,
    "comm_KB": 43756.0478515625,
    "accuracy_mean": 0.8501,
    "accuracy_std": 0.007621679604916498
}