{
    "round": 39,
    "train_time_sec": 1503.8347413539886,
    "memory_MB": 1393.27734375,
    "comm_KB": 43756.0478515625,
    "accuracy_mean": 0.8836999999999999,
    "accuracy_std": 0.004838388161361182
}