{
    "round": 83,
    "train_time_sec": 31.8088481426239,
    "memory_MB": 1414.421875,
    "comm_KB": 43756.0478515625,
    "accuracy_mean": 0.8211999999999999,
    "accuracy_std": 0.006523802572120026
}