{
    "round": 2,
    "train_time_sec": 77.14783644676208,
    "memory_MB": 1393.26171875,
    "comm_KB": 43756.0478515625,
    "accuracy_mean": 0.3017,
    "accuracy_std": 0.007772387020729223
}