{
    "round": 1,
    "train_time_sec": 38.58136248588562,
    "memory_MB": 1394.32421875,
    "comm_KB": 43756.0478515625,
    "accuracy_mean": 0.095,
    "accuracy_std": 0.0
}