{
    "round": 60,
    "train_time_sec": 31.727547645568848,
    "memory_MB": 1414.453125,
    "comm_KB": 43756.0478515625,
    "accuracy_mean": 0.8207999999999999,
    "accuracy_std": 0.012039933554633913
}