{
    "round": 76,
    "train_time_sec": 31.641340732574463,
    "memory_MB": 1413.83203125,
    "comm_KB": 43756.0478515625,
    "accuracy_mean": 0.8116,
    "accuracy_std": 0.008187795796183457
}