{
    "round": 38,
    "train_time_sec": 1465.1949474811554,
    "memory_MB": 1393.22265625,
    "comm_KB": 43756.0478515625,
    "accuracy_mean": 0.8896000000000001,
    "accuracy_std": 0.006280127387243038
}