{
    "round": 90,
    "train_time_sec": 31.643683671951294,
    "memory_MB": 1414.4453125,
    "comm_KB": 43756.0478515625,
    "accuracy_mean": 0.8221999999999999,
    "accuracy_std": 0.010675204916066
}