{
    "round": 33,
    "train_time_sec": 836.4279561042786,
    "memory_MB": 1413.10546875,
    "comm_KB": 43756.0478515625,
    "accuracy_mean": 0.9953999999999998,
    "accuracy_std": 0.003104834939252008
}