{
    "round": 78,
    "train_time_sec": 31.66718864440918,
    "memory_MB": 1414.44140625,
    "comm_KB": 43756.0478515625,
    "accuracy_mean": 0.8068,
    "accuracy_std": 0.010777754868245946
}