{
    "round": 54,
    "train_time_sec": 31.627259016036987,
    "memory_MB": 1413.82421875,
    "comm_KB": 43756.0478515625,
    "accuracy_mean": 0.8211999999999999,
    "accuracy_std": 0.008304215796810644
}