{
    "round": 40,
    "train_time_sec": 1542.5836420059204,
    "memory_MB": 1393.203125,
    "comm_KB": 43756.0478515625,
    "accuracy_mean": 0.8967999999999998,
    "accuracy_std": 0.007400000000000007
}