{
    "round": 77,
    "train_time_sec": 31.6933810710907,
    "memory_MB": 1414.55078125,
    "comm_KB": 43756.0478515625,
    "accuracy_mean": 0.8175999999999999,
    "accuracy_std": 0.010150862032359587
}