{
    "round": 95,
    "train_time_sec": 31.715436697006226,
    "memory_MB": 1414.55078125,
    "comm_KB": 43756.0478515625,
    "accuracy_mean": 0.8124,
    "accuracy_std": 0.008616263691415167
}