{
    "round": 64,
    "train_time_sec": 31.679231882095337,
    "memory_MB": 1413.9453125,
    "comm_KB": 43756.0478515625,
    "accuracy_mean": 0.8188000000000001,
    "accuracy_std": 0.01153082824431962
}