{
    "round": 27,
    "train_time_sec": 834.4086799621582,
    "memory_MB": 1413.51171875,
    "comm_KB": 43756.0478515625,
    "accuracy_mean": 0.9846,
    "accuracy_std": 0.006327716807822555
}