{
    "round": 27,
    "train_time_sec": 1041.3520455360413,
    "memory_MB": 1393.125,
    "comm_KB": 43756.0478515625,
    "accuracy_mean": 0.8640000000000001,
    "accuracy_std": 0.007641989269817127
}