{
    "round": 6,
    "train_time_sec": 231.1058509349823,
    "memory_MB": 1393.08984375,
    "comm_KB": 43756.0478515625,
    "accuracy_mean": 0.6841,
    "accuracy_std": 0.009049309365912927
}