{
    "round": 40,
    "train_time_sec": 834.174423456192,
    "memory_MB": 1412.234375,
    "comm_KB": 43756.0478515625,
    "accuracy_mean": 0.9969999999999999,
    "accuracy_std": 0.002720294101747091
}