{
    "round": 43,
    "train_time_sec": 1658.3883938789368,
    "memory_MB": 1393.3359375,
    "comm_KB": 43756.0478515625,
    "accuracy_mean": 0.9027000000000001,
    "accuracy_std": 0.005197114584074518
}